Question,A,B,C,D,CorrectIndex,Note,A_Img,B_Img,C_Img,D_Img
भारत की राजधानी क्या है ?,मुंबई,दिल्ली,नई दिल्ली,नागपुर,2,भारत की राजधानी नई दिल्ली है,,,,
भारत का राष्ट्रीय पशु कौनसा है ?,शेर,बाघ,हाथी,हिरण,1,भारत का राष्ट्रीय पशु बाघ है,,,,
भारत का राष्ट्रीय पक्षी कौनसा है ?,मोर,तोता,कबूतर,हंस,0,भारत का राष्ट्रीय पक्षी मोर है,,,,
भारतीय संविधान कब लागू हुआ था ?,15 अगस्त 1947,26 नवंबर 1949,26 जनवरी 1950,2 अक्टूबर 1950,2,भारतीय संविधान 26 जनवरी 1950 को लागू हुआ था,,,,
भारत का राष्ट्रीय फूल कौनसा है ?,कमल,गुलाब,चमेली,सूरजमुखी,0,कमल भारत का राष्ट्रीय फूल है,,,,
सूर्य के सबसे निकट कौनसा ग्रह है ?,शुक्र,पृथ्वी,बुध,मंगल,2,बुध सूर्य के सबसे निकट ग्रह है,,,,
पृथ्वी का प्राकृतिक उपग्रह कौनसा है ?,सूर्य,चंद्रमा,मंगल,शुक्र,1,चंद्रमा पृथ्वी का प्राकृतिक उपग्रह है,,,,
भारत का सबसे बड़ा राज्य क्षेत्रफल के आधार पर कौनसा है ?,मध्य प्रदेश,महाराष्ट्र,राजस्थान,उत्तर प्रदेश,2,क्षेत्रफल के आधार पर राजस्थान सबसे बड़ा राज्य है,,,,
पानी का रासायनिक सूत्र क्या है ?,CO2,H2O,O2,NaCl,1,पानी का रासायनिक सूत्र H2O है,,,,
वायुमंडल में सबसे अधिक कौनसी गैस पाई जाती है ?,ऑक्सीजन,नाइट्रोजन,कार्बन डाइऑक्साइड,हाइड्रोजन,1,वायुमंडल में सबसे अधिक नाइट्रोजन पाई जाती है,,,,
भारत के प्रथम राष्ट्रपति कौन थे ?,डॉ राजेंद्र प्रसाद,डॉ सर्वपल्ली राधाकृष्णन,डॉ जाकिर हुसैन,वी वी गिरि,0,डॉ राजेंद्र प्रसाद भारत के प्रथम राष्ट्रपति थे,,,,
भारत के प्रथम प्रधानमंत्री कौन थे ?,सरदार पटेल,जवाहरलाल नेहरू,लाल बहादुर शास्त्री,राजेंद्र प्रसाद,1,जवाहरलाल नेहरू भारत के प्रथम प्रधानमंत्री थे,,,,
भारतीय संविधान के प्रमुख शिल्पकार किसे कहा जाता है ?,महात्मा गांधी,डॉ बी आर अंबेडकर,जवाहरलाल नेहरू,सरदार पटेल,1,डॉ बी आर अंबेडकर को भारतीय संविधान का प्रमुख शिल्पकार कहा जाता है,,,,
भारत का राष्ट्रीय चिन्ह किस स्थान के अशोक स्तंभ से लिया गया है ?,सारनाथ,नालंदा,तक्षशिला,अमरावती,0,भारत का राष्ट्रीय चिन्ह सारनाथ के अशोक सिंह स्तंभ से लिया गया है,,,,
भारतीय रिजर्व बैंक की स्थापना किस वर्ष हुई थी ?,1930,1935,1947,1950,1,भारतीय रिजर्व बैंक की स्थापना 1935 में हुई थी,,,,
भारत में हरित क्रांति के जनक किसे कहा जाता है ?,एम एस स्वामीनाथन,वर्गीज कुरियन,होमी भाभा,सी वी रमन,0,एम एस स्वामीनाथन को भारत में हरित क्रांति का जनक कहा जाता है,,,,
भारत में श्वेत क्रांति के जनक किसे कहा जाता है ?,एम एस स्वामीनाथन,वर्गीज कुरियन,नॉर्मन बोरलॉग,होमी भाभा,1,वर्गीज कुरियन को भारत में श्वेत क्रांति का जनक कहा जाता है,,,,
भारत का राष्ट्रीय वृक्ष कौनसा है ?,नीम,बरगद,पीपल,आम,1,बरगद भारत का राष्ट्रीय वृक्ष है,,,,
भारत का राष्ट्रीय फल कौनसा है ?,सेब,केला,आम,संतरा,2,आम भारत का राष्ट्रीय फल है,,,,
भारत का राष्ट्रीय जलीय जीव कौनसा है ?,मगरमच्छ,गंगा डॉल्फिन,कछुआ,व्हेल,1,गंगा डॉल्फिन भारत का राष्ट्रीय जलीय जीव है,,,,
भारत का राष्ट्रीय गीत कौनसा है ?,वंदे मातरम्,जन गण मन,सारे जहाँ से अच्छा,ऐ मेरे वतन के लोगों,0,वंदे मातरम् भारत का राष्ट्रीय गीत है,,,,
भारत का राष्ट्रगान कौनसा है ?,वंदे मातरम्,जन गण मन,सारे जहाँ से अच्छा,विजयी विश्व तिरंगा प्यारा,1,जन गण मन भारत का राष्ट्रगान है,,,,
जन गण मन के रचयिता कौन हैं ?,बंकिम चंद्र चट्टोपाध्याय,रवींद्रनाथ टैगोर,सरोजिनी नायडू,सुभद्रा कुमारी चौहान,1,रवींद्रनाथ टैगोर ने जन गण मन की रचना की थी,,,,
वंदे मातरम् के रचयिता कौन हैं ?,रवींद्रनाथ टैगोर,बंकिम चंद्र चट्टोपाध्याय,महात्मा गांधी,अरविंद घोष,1,वंदे मातरम् की रचना बंकिम चंद्र चट्टोपाध्याय ने की थी,,,,
भारत का संविधान बनाने वाली संस्था कौनसी थी ?,संसद,संविधान सभा,सर्वोच्च न्यायालय,मंत्रिपरिषद,1,भारतीय संविधान संविधान सभा द्वारा बनाया गया था,,,,
संविधान सभा की पहली बैठक कब हुई थी ?,9 दिसंबर 1946,15 अगस्त 1947,26 नवंबर 1949,26 जनवरी 1950,0,संविधान सभा की पहली बैठक 9 दिसंबर 1946 को हुई थी,,,,
भारतीय संविधान के प्रारूप समिति के अध्यक्ष कौन थे ?,जवाहरलाल नेहरू,डॉ राजेंद्र प्रसाद,डॉ बी आर अंबेडकर,सरदार पटेल,2,डॉ बी आर अंबेडकर प्रारूप समिति के अध्यक्ष थे,,,,
भारतीय संविधान को कब अपनाया गया था ?,15 अगस्त 1947,26 नवंबर 1949,26 जनवरी 1950,9 दिसंबर 1946,1,भारतीय संविधान 26 नवंबर 1949 को अपनाया गया था,,,,
मौलिक अधिकार भारतीय संविधान के किस भाग में हैं ?,भाग I,भाग II,भाग III,भाग IV,2,मौलिक अधिकार संविधान के भाग III में हैं,,,,
राज्य के नीति निदेशक तत्व संविधान के किस भाग में हैं ?,भाग II,भाग III,भाग IV,भाग V,2,राज्य के नीति निदेशक तत्व भाग IV में हैं,,,,
मौलिक कर्तव्य संविधान के किस अनुच्छेद में दिए गए हैं ?,अनुच्छेद 32,अनुच्छेद 51A,अनुच्छेद 21,अनुच्छेद 14,1,मौलिक कर्तव्य अनुच्छेद 51A में दिए गए हैं,,,,
भारत में मतदान की न्यूनतम आयु कितनी है ?,16 वर्ष,18 वर्ष,21 वर्ष,25 वर्ष,1,भारत में मतदान की न्यूनतम आयु 18 वर्ष है,,,,
भारत का सर्वोच्च न्यायालय कहाँ स्थित है ?,मुंबई,नई दिल्ली,प्रयागराज,कोलकाता,1,भारत का सर्वोच्च न्यायालय नई दिल्ली में स्थित है,,,,
भारत के राष्ट्रपति का कार्यकाल कितने वर्ष का होता है ?,4 वर्ष,5 वर्ष,6 वर्ष,7 वर्ष,1,राष्ट्रपति का कार्यकाल 5 वर्ष का होता है,,,,
लोकसभा का सामान्य कार्यकाल कितने वर्ष का होता है ?,3 वर्ष,4 वर्ष,5 वर्ष,6 वर्ष,2,लोकसभा का सामान्य कार्यकाल 5 वर्ष का होता है,,,,
राज्यसभा के सदस्य का कार्यकाल कितने वर्ष का होता है ?,4 वर्ष,5 वर्ष,6 वर्ष,7 वर्ष,2,राज्यसभा के सदस्य का कार्यकाल 6 वर्ष होता है,,,,
राज्यसभा को क्या कहा जाता है ?,अस्थायी सदन,स्थायी सदन,न्यायिक सदन,स्थानीय सदन,1,राज्यसभा एक स्थायी सदन है और इसे भंग नहीं किया जाता,,,,
भारत में आपातकाल की घोषणा कौन करता है ?,प्रधानमंत्री,राष्ट्रपति,मुख्य न्यायाधीश,लोकसभा अध्यक्ष,1,संवैधानिक प्रावधानों के अनुसार राष्ट्रपति आपातकाल की घोषणा करते हैं,,,,
भारतीय संविधान में वर्तमान में कितनी अनुसूचियाँ हैं ?,10,11,12,13,2,भारतीय संविधान में वर्तमान में 12 अनुसूचियाँ हैं,,,,
भारतीय संविधान में कितने मौलिक अधिकार हैं ?,5,6,7,8,1,वर्तमान में भारतीय संविधान में 6 मौलिक अधिकार हैं,,,,
संविधान का कौनसा अनुच्छेद संवैधानिक उपचारों के अधिकार से संबंधित है ?,अनुच्छेद 14,अनुच्छेद 19,अनुच्छेद 32,अनुच्छेद 21,2,अनुच्छेद 32 को डॉ बी आर अंबेडकर ने संविधान की आत्मा कहा था,,,,
किस संविधान संशोधन द्वारा मौलिक कर्तव्यों को संविधान में जोड़ा गया ?,42वाँ संशोधन,44वाँ संशोधन,73वाँ संशोधन,86वाँ संशोधन,0,42वें संविधान संशोधन अधिनियम 1976 द्वारा मौलिक कर्तव्य जोड़े गए,,,,
पंचायती राज संस्थाओं को संवैधानिक दर्जा किस संशोधन द्वारा मिला ?,42वाँ,61वाँ,73वाँ,74वाँ,2,73वें संविधान संशोधन अधिनियम 1992 द्वारा पंचायती राज संस्थाओं को संवैधानिक दर्जा मिला,,,,
नगरपालिकाओं को संवैधानिक दर्जा किस संविधान संशोधन से मिला ?,72वाँ,73वाँ,74वाँ,75वाँ,2,74वें संविधान संशोधन अधिनियम 1992 से नगरपालिकाओं को संवैधानिक दर्जा मिला,,,,
राष्ट्रपति के निर्वाचन में कौन भाग नहीं लेता ?,लोकसभा के निर्वाचित सदस्य,राज्यसभा के निर्वाचित सदस्य,राज्य विधानसभाओं के निर्वाचित सदस्य,राज्य विधान परिषदों के सदस्य,3,राज्य विधान परिषद के सदस्य राष्ट्रपति के निर्वाचन में भाग नहीं लेते,,,,
धन विधेयक को राज्यसभा अधिकतम कितने दिनों तक रोक सकती है ?,7 दिन,14 दिन,30 दिन,45 दिन,1,राज्यसभा धन विधेयक को अधिकतम 14 दिनों तक रोक सकती है,,,,
भारत के नियंत्रक एवं महालेखा परीक्षक की नियुक्ति कौन करता है ?,प्रधानमंत्री,राष्ट्रपति,संसद,सर्वोच्च न्यायालय,1,CAG की नियुक्ति राष्ट्रपति करते हैं,,,,
संविधान की आठवीं अनुसूची में वर्तमान में कितनी भाषाएँ शामिल हैं ?,18,20,22,24,2,आठवीं अनुसूची में 22 भाषाएँ शामिल हैं,,,,
इलाहाबाद स्तंभ प्रशस्ति किस शासक की उपलब्धियों का वर्णन करती है ?,चंद्रगुप्त मौर्य,समुद्रगुप्त,चंद्रगुप्त द्वितीय,हर्षवर्धन,1,इलाहाबाद स्तंभ प्रशस्ति में समुद्रगुप्त की उपलब्धियों का वर्णन है,,,,
भारत में शिलालेखों को पढ़ने में सफलता पाने वाले विद्वान कौन थे ?,अलेक्जेंडर कनिंघम,जेम्स प्रिंसेप,जॉन मार्शल,मैक्स मूलर,1,जेम्स प्रिंसेप ने ब्राह्मी लिपि को पढ़ने में महत्वपूर्ण सफलता प्राप्त की थी,,,,
स्थायी बंदोबस्त व्यवस्था किसने लागू की थी ?,लॉर्ड डलहौजी,लॉर्ड कॉर्नवालिस,लॉर्ड कर्जन,लॉर्ड वेलेजली,1,स्थायी बंदोबस्त 1793 में लॉर्ड कॉर्नवालिस द्वारा लागू किया गया था,,,,
भारत में सहायक संधि की नीति किस गवर्नर जनरल से संबंधित है ?,लॉर्ड वेलेजली,लॉर्ड कॉर्नवालिस,लॉर्ड हेस्टिंग्स,लॉर्ड रिपन,0,लॉर्ड वेलेजली ने सहायक संधि की नीति को व्यापक रूप से अपनाया,,,,
दक्कन का पठार मुख्यतः किन चट्टानों से बना है ?,अवसादी चट्टानें,कायांतरित चट्टानें,बेसाल्टिक आग्नेय चट्टानें,चूना पत्थर,2,दक्कन ट्रैप मुख्यतः बेसाल्टिक लावा से बना है,,,,
भारत में काली मिट्टी मुख्यतः किस फसल के लिए उपयुक्त मानी जाती है ?,चाय,कपास,जूट,गेहूँ,1,काली मिट्टी कपास की खेती के लिए विशेष रूप से उपयुक्त है,,,,
भारत की कौनसी नदी भ्रंश घाटी से होकर बहती है ?,गंगा,यमुना,नर्मदा,घाघरा,2,नर्मदा नदी भ्रंश घाटी से होकर पश्चिम की ओर बहती है,,,,
भारतीय मानसून की वापसी सबसे पहले किस क्षेत्र से शुरू होती है ?,दक्षिण भारत,उत्तर-पश्चिम भारत,पूर्वोत्तर भारत,मध्य भारत,1,दक्षिण-पश्चिम मानसून की वापसी सबसे पहले उत्तर-पश्चिम भारत से शुरू होती है,,,,
भारतीय रिजर्व बैंक द्वारा रेपो दर में वृद्धि का सामान्य प्रभाव क्या होता है ?,ऋण सस्ता होता है,मुद्रा आपूर्ति बढ़ती है,ऋण महंगा होता है,करों में कमी होती है,2,रेपो दर बढ़ने से बैंकों के लिए RBI से उधार लेना महंगा होता है,,,,
राष्ट्रीय आय की गणना में निम्न में से किसे शामिल नहीं किया जाता ?,वेतन,किराया,पेंशन से प्राप्त हस्तांतरण भुगतान,लाभ,2,हस्तांतरण भुगतान के बदले वर्तमान उत्पादन नहीं होता इसलिए इसे राष्ट्रीय आय में नहीं गिना जाता,,,,
यदि CRR बढ़ा दिया जाए तो बैंकों की ऋण देने की क्षमता पर क्या प्रभाव पड़ेगा ?,बढ़ेगी,घटेगी,कोई प्रभाव नहीं होगा,दोगुनी हो जाएगी,1,CRR बढ़ने पर बैंकों के पास ऋण देने के लिए उपलब्ध धन कम हो जाता है,,,,
विटामिन B12 की कमी से मुख्यतः कौनसा रोग हो सकता है ?,स्कर्वी,रातांधता,पर्निशियस एनीमिया,रिकेट्स,2,विटामिन B12 की कमी से मेगालोब्लास्टिक या पर्निशियस एनीमिया हो सकता है,,,,
मानव शरीर में इंसुलिन का स्राव किस अंग से होता है ?,यकृत,अग्न्याशय,गुर्दा,थायरॉयड ग्रंथि,1,अग्न्याशय की बीटा कोशिकाएँ इंसुलिन का स्राव करती हैं,,,,
रक्त का थक्का जमने में कौनसा विटामिन महत्वपूर्ण है ?,विटामिन A,विटामिन C,विटामिन D,विटामिन K,3,विटामिन K रक्त के थक्के बनने की प्रक्रिया में महत्वपूर्ण है,,,,
प्रकाश संश्लेषण में पौधे मुख्यतः किस गैस का उपयोग करते हैं ?,ऑक्सीजन,नाइट्रोजन,कार्बन डाइऑक्साइड,हाइड्रोजन,2,पौधे प्रकाश संश्लेषण में कार्बन डाइऑक्साइड का उपयोग करते हैं,,,,
विद्युत प्रतिरोध की SI इकाई क्या है ?,वोल्ट,एम्पियर,ओम,वाट,2,विद्युत प्रतिरोध की SI इकाई ओम है,,,,
न्यूटन का तीसरा नियम किससे संबंधित है ?,जड़त्व,बल और त्वरण,क्रिया और प्रतिक्रिया,गुरुत्वाकर्षण,2,न्यूटन का तीसरा नियम क्रिया और प्रतिक्रिया के सिद्धांत पर आधारित है,,,,